Breed,Link
Afador,https://dogtime.com/dog-breeds/afador
Affenhuahua,https://dogtime.com/dog-breeds/affenhuahua
Affenpinscher,https://dogtime.com/dog-breeds/affenpinscher
Afghan Hound,https://dogtime.com/dog-breeds/afghan-hound
Airedale Terrier,https://dogtime.com/dog-breeds/airedale-terrier
Akbash,https://dogtime.com/dog-breeds/akbash
Akita,https://dogtime.com/dog-breeds/akita
Akita Chow,https://dogtime.com/dog-breeds/akita-chow
Akita Pit,https://dogtime.com/dog-breeds/akita-pit
Akita Shepherd,https://dogtime.com/dog-breeds/akita-shepherd
Alaskan Klee Kai,https://dogtime.com/dog-breeds/alaskan-klee-kai
Alaskan Malamute,https://dogtime.com/dog-breeds/alaskan-malamute
American Bulldog,https://dogtime.com/dog-breeds/american-bulldog
American English Coonhound,https://dogtime.com/dog-breeds/american-english-coonhound
American Eskimo Dog,https://dogtime.com/dog-breeds/american-eskimo-dog
American Foxhound,https://dogtime.com/dog-breeds/american-foxhound
American Hairless Terrier,https://dogtime.com/dog-breeds/american-hairless-terrier
American Leopard Hound,https://dogtime.com/dog-breeds/american-leopard-hound
American Pit Bull Terrier,https://dogtime.com/dog-breeds/american-pit-bull-terrier
American Pugabull,https://dogtime.com/dog-breeds/american-pugabull
American Staffordshire Terrier,https://dogtime.com/dog-breeds/american-staffordshire-terrier
American Water Spaniel,https://dogtime.com/dog-breeds/american-water-spaniel
Anatolian Shepherd Dog,https://dogtime.com/dog-breeds/anatolian-shepherd-dog
Appenzeller Sennenhunde,https://dogtime.com/dog-breeds/appenzeller-sennenhunde
Auggie,https://dogtime.com/dog-breeds/auggie
Aussiedoodle,https://dogtime.com/dog-breeds/aussiedoodle
Aussiepom,https://dogtime.com/dog-breeds/aussiepom
Australian Cattle Dog,https://dogtime.com/dog-breeds/australian-cattle-dog
Australian Kelpie,https://dogtime.com/dog-breeds/australian-kelpie
Australian Retriever,https://dogtime.com/dog-breeds/australian-retriever
Australian Shepherd,https://dogtime.com/dog-breeds/australian-shepherd
Australian Shepherd Husky,https://dogtime.com/dog-breeds/australian-shepherd-husky
Australian Shepherd Lab Mix,https://dogtime.com/dog-breeds/australian-shepherd-lab-mix
Australian Shepherd Pit Bull Mix,https://dogtime.com/dog-breeds/australian-shepherd-pit-bull-mix
Australian Stumpy Tail Cattle Dog,https://dogtime.com/dog-breeds/australian-stumpy-tail-cattle-dog
Australian Terrier,https://dogtime.com/dog-breeds/australian-terrier
Azawakh,https://dogtime.com/dog-breeds/azawakh
Barbet,https://dogtime.com/dog-breeds/barbet
Basenji,https://dogtime.com/dog-breeds/basenji
Bassador,https://dogtime.com/dog-breeds/bassador
Basset Fauve de Bretagne,https://dogtime.com/dog-breeds/basset-fauve-de-bretagne
Basset Hound,https://dogtime.com/dog-breeds/basset-hound
Basset Retriever,https://dogtime.com/dog-breeds/basset-retriever
Bavarian Mountain Scent Hound,https://dogtime.com/dog-breeds/bavarian-mountain-scent-hound
Beabull,https://dogtime.com/dog-breeds/beabull
Beagle,https://dogtime.com/dog-breeds/beagle
Beaglier,https://dogtime.com/dog-breeds/beaglier
Bearded Collie,https://dogtime.com/dog-breeds/bearded-collie
Bedlington Terrier,https://dogtime.com/dog-breeds/bedlington-terrier
Belgian Malinois,https://dogtime.com/dog-breeds/belgian-malinois
Belgian Sheepdog,https://dogtime.com/dog-breeds/belgian-sheepdog
Belgian Tervuren,https://dogtime.com/dog-breeds/belgian-tervuren
Bergamasco Sheepdog,https://dogtime.com/dog-breeds/bergamasco-sheepdog
Berger Picard,https://dogtime.com/dog-breeds/berger-picard
Bernedoodle,https://dogtime.com/dog-breeds/bernedoodle
Bernese Mountain Dog,https://dogtime.com/dog-breeds/bernese-mountain-dog
Bichon Frise,https://dogtime.com/dog-breeds/bichon-frise
Biewer Terrier,https://dogtime.com/dog-breeds/biewer-terrier
Black and Tan Coonhound,https://dogtime.com/dog-breeds/black-and-tan-coonhound
Black Mouth Cur,https://dogtime.com/dog-breeds/black-mouth-cur
Black Russian Terrier,https://dogtime.com/dog-breeds/black-russian-terrier
Bloodhound,https://dogtime.com/dog-breeds/bloodhound
Blue Lacy,https://dogtime.com/dog-breeds/blue-lacy
Bluetick Coonhound,https://dogtime.com/dog-breeds/bluetick-coonhound
Bocker,https://dogtime.com/dog-breeds/bocker
Boerboel,https://dogtime.com/dog-breeds/boerboel
Boglen Terrier,https://dogtime.com/dog-breeds/boglen-terrier
Bohemian Shepherd,https://dogtime.com/dog-breeds/bohemian-shepherd
Bolognese,https://dogtime.com/dog-breeds/bolognese
Borador,https://dogtime.com/dog-breeds/borador
Border Collie,https://dogtime.com/dog-breeds/border-collie
Border Sheepdog,https://dogtime.com/dog-breeds/border-sheepdog
Border Terrier,https://dogtime.com/dog-breeds/border-terrier
Bordoodle,https://dogtime.com/dog-breeds/bordoodle
Borzoi,https://dogtime.com/dog-breeds/borzoi
BoShih,https://dogtime.com/dog-breeds/boshih
Bossie,https://dogtime.com/dog-breeds/bossie
Boston Boxer,https://dogtime.com/dog-breeds/boston-boxer
Boston Terrier,https://dogtime.com/dog-breeds/boston-terrier
Boston Terrier Pekingese Mix,https://dogtime.com/dog-breeds/boston-terrier-pekingese-mix
Bouvier des Flandres,https://dogtime.com/dog-breeds/bouvier-des-flandres
Boxador,https://dogtime.com/dog-breeds/boxador
Boxer,https://dogtime.com/dog-breeds/boxer
Boxerdoodle,https://dogtime.com/dog-breeds/boxerdoodle
Boxmatian,https://dogtime.com/dog-breeds/boxmatian
Boxweiler,https://dogtime.com/dog-breeds/boxweiler
Boykin Spaniel,https://dogtime.com/dog-breeds/boykin-spaniel
Bracco Italiano,https://dogtime.com/dog-breeds/bracco-italiano
Braque du Bourbonnais,https://dogtime.com/dog-breeds/braque-du-bourbonnais
Briard,https://dogtime.com/dog-breeds/briard
Brittany,https://dogtime.com/dog-breeds/brittany
Broholmer,https://dogtime.com/dog-breeds/broholmer
Brussels Griffon,https://dogtime.com/dog-breeds/brussels-griffon
Bugg,https://dogtime.com/dog-breeds/bugg
Bull-Pei,https://dogtime.com/dog-breeds/bull-pei
Bull Terrier,https://dogtime.com/dog-breeds/bull-terrier
Bullador,https://dogtime.com/dog-breeds/bullador
Bullboxer Pit,https://dogtime.com/dog-breeds/bullboxer-pit
Bulldog,https://dogtime.com/dog-breeds/bulldog
Bullmastiff,https://dogtime.com/dog-breeds/bullmastiff
Bullmatian,https://dogtime.com/dog-breeds/bullmatian
Cairn Terrier,https://dogtime.com/dog-breeds/cairn-terrier
Canaan Dog,https://dogtime.com/dog-breeds/canaan-dog
Cane Corso,https://dogtime.com/dog-breeds/cane-corso
Cardigan Welsh Corgi,https://dogtime.com/dog-breeds/cardigan-welsh-corgi
Carolina Dog,https://dogtime.com/dog-breeds/carolina-dog
Catahoula Bulldog,https://dogtime.com/dog-breeds/catahoula-bulldog
Catahoula Leopard Dog,https://dogtime.com/dog-breeds/catahoula-leopard-dog
Caucasian Shepherd Dog,https://dogtime.com/dog-breeds/caucasian-shepherd-dog
Cav-a-Jack,https://dogtime.com/dog-breeds/cav-a-jack
Cavachon,https://dogtime.com/dog-breeds/cavachon
Cavador,https://dogtime.com/dog-breeds/cavador
Cavalier King Charles Spaniel,https://dogtime.com/dog-breeds/cavalier-king-charles-spaniel
Cavapoo,https://dogtime.com/dog-breeds/cavapoo
Central Asian Shepherd Dog,https://dogtime.com/dog-breeds/central-asian-shepherd-dog
Cesky Terrier,https://dogtime.com/dog-breeds/cesky-terrier
Chabrador,https://dogtime.com/dog-breeds/chabrador
Cheagle,https://dogtime.com/dog-breeds/cheagle
Chesapeake Bay Retriever,https://dogtime.com/dog-breeds/chesapeake-bay-retriever
Chi Chi,https://dogtime.com/dog-breeds/chi-chi
Chi-Poo,https://dogtime.com/dog-breeds/chi-poo
Chigi,https://dogtime.com/dog-breeds/chigi
Chihuahua,https://dogtime.com/dog-breeds/chihuahua
Chilier,https://dogtime.com/dog-breeds/chilier
Chinese Crested,https://dogtime.com/dog-breeds/chinese-crested
Chinese Shar-Pei,https://dogtime.com/dog-breeds/chinese-shar-pei
Chinook,https://dogtime.com/dog-breeds/chinook
Chion,https://dogtime.com/dog-breeds/chion
Chipin,https://dogtime.com/dog-breeds/chipin
Chiweenie,https://dogtime.com/dog-breeds/chiweenie
Chorkie,https://dogtime.com/dog-breeds/chorkie
Chow Chow,https://dogtime.com/dog-breeds/chow-chow
Chow Shepherd,https://dogtime.com/dog-breeds/chow-shepherd
Chug,https://dogtime.com/dog-breeds/chug
Chusky,https://dogtime.com/dog-breeds/chusky
Cirneco dell’Etna,https://dogtime.com/dog-breeds/cirneco-delletna
Clumber Spaniel,https://dogtime.com/dog-breeds/clumber-spaniel
Cockalier,https://dogtime.com/dog-breeds/cockalier
Cockapoo,https://dogtime.com/dog-breeds/cockapoo
Cocker Spaniel,https://dogtime.com/dog-breeds/cocker-spaniel
Collie,https://dogtime.com/dog-breeds/collie
Corgi Inu,https://dogtime.com/dog-breeds/corgi-inu
Corgidor,https://dogtime.com/dog-breeds/corgidor
Corman Shepherd,https://dogtime.com/dog-breeds/corman-shepherd
Coton de Tulear,https://dogtime.com/dog-breeds/coton-de-tulear
Croatian Sheepdog,https://dogtime.com/dog-breeds/croatian-sheepdog
Curly-Coated Retriever,https://dogtime.com/dog-breeds/curly-coated-retriever
Dachsador,https://dogtime.com/dog-breeds/dachsador
Dachshund,https://dogtime.com/dog-breeds/dachshund
Dalmatian,https://dogtime.com/dog-breeds/dalmatian
Dandie Dinmont Terrier,https://dogtime.com/dog-breeds/dandie-dinmont-terrier
Daniff,https://dogtime.com/dog-breeds/daniff
Danish-Swedish Farmdog,https://dogtime.com/dog-breeds/danish-swedish-farmdog
Deutscher Wachtelhund,https://dogtime.com/dog-breeds/deutscher-wachtelhund
Doberdor,https://dogtime.com/dog-breeds/doberdor
Doberman Pinscher,https://dogtime.com/dog-breeds/doberman-pinscher
Docker,https://dogtime.com/dog-breeds/docker
Dogo Argentino,https://dogtime.com/dog-breeds/dogo-argentino
Dogue de Bordeaux,https://dogtime.com/dog-breeds/dogue-de-bordeaux
Dorgi,https://dogtime.com/dog-breeds/dorgi
Dorkie,https://dogtime.com/dog-breeds/dorkie
Doxiepoo,https://dogtime.com/dog-breeds/doxiepoo
Doxle,https://dogtime.com/dog-breeds/doxle
Drentsche Patrijshond,https://dogtime.com/dog-breeds/drentsche-patrijshond
Drever,https://dogtime.com/dog-breeds/drever
Dutch Shepherd,https://dogtime.com/dog-breeds/dutch-shepherd
English Cocker Spaniel,https://dogtime.com/dog-breeds/english-cocker-spaniel
English Foxhound,https://dogtime.com/dog-breeds/english-foxhound
English Setter,https://dogtime.com/dog-breeds/english-setter
English Springer Spaniel,https://dogtime.com/dog-breeds/english-springer-spaniel
English Toy Spaniel,https://dogtime.com/dog-breeds/english-toy-spaniel
Entlebucher Mountain Dog,https://dogtime.com/dog-breeds/entlebucher-mountain-dog
Estrela Mountain Dog,https://dogtime.com/dog-breeds/estrela-mountain-dog
Eurasier,https://dogtime.com/dog-breeds/eurasier
Field Spaniel,https://dogtime.com/dog-breeds/field-spaniel
Fila Brasileiro,https://dogtime.com/dog-breeds/fila-brasileiro
Finnish Lapphund,https://dogtime.com/dog-breeds/finnish-lapphund
Finnish Spitz,https://dogtime.com/dog-breeds/finnish-spitz
Flat-Coated Retriever,https://dogtime.com/dog-breeds/flat-coated-retriever
Fox Terrier,https://dogtime.com/dog-breeds/fox-terrier
French Bulldog,https://dogtime.com/dog-breeds/french-bulldog
French Bullhuahua,https://dogtime.com/dog-breeds/french-bullhuahua
French Spaniel,https://dogtime.com/dog-breeds/french-spaniel
Frenchton,https://dogtime.com/dog-breeds/frenchton
Frengle,https://dogtime.com/dog-breeds/frengle
German Longhaired Pointer,https://dogtime.com/dog-breeds/german-longhaired-pointer
German Pinscher,https://dogtime.com/dog-breeds/german-pinscher
German Shepherd Dog,https://dogtime.com/dog-breeds/german-shepherd-dog
German Shepherd Pit Bull,https://dogtime.com/dog-breeds/german-shepherd-pit-bull
German Shepherd Rottweiler Mix,https://dogtime.com/dog-breeds/german-shepherd-rottweiler-mix
German Sheprador,https://dogtime.com/dog-breeds/german-sheprador
German Shorthaired Pointer,https://dogtime.com/dog-breeds/german-shorthaired-pointer
German Spitz,https://dogtime.com/dog-breeds/german-spitz
German Wirehaired Pointer,https://dogtime.com/dog-breeds/german-wirehaired-pointer
Giant Schnauzer,https://dogtime.com/dog-breeds/giant-schnauzer
Glen of Imaal Terrier,https://dogtime.com/dog-breeds/glen-of-imaal-terrier
Goberian,https://dogtime.com/dog-breeds/goberian
Goldador,https://dogtime.com/dog-breeds/goldador
Golden Cocker Retriever,https://dogtime.com/dog-breeds/golden-cocker-retriever
Golden Mountain Dog,https://dogtime.com/dog-breeds/golden-mountain-dog
Golden Retriever,https://dogtime.com/dog-breeds/golden-retriever
Golden Retriever Corgi,https://dogtime.com/dog-breeds/golden-retriever-corgi
Golden Shepherd,https://dogtime.com/dog-breeds/golden-shepherd
Goldendoodle,https://dogtime.com/dog-breeds/goldendoodle
Gollie,https://dogtime.com/dog-breeds/gollie
Gordon Setter,https://dogtime.com/dog-breeds/gordon-setter
Great Dane,https://dogtime.com/dog-breeds/great-dane
Great Pyrenees,https://dogtime.com/dog-breeds/great-pyrenees
Greater Swiss Mountain Dog,https://dogtime.com/dog-breeds/greater-swiss-mountain-dog
Greyador,https://dogtime.com/dog-breeds/greyador
Greyhound,https://dogtime.com/dog-breeds/greyhound
Hamiltonstovare,https://dogtime.com/dog-breeds/hamiltonstovare
Hanoverian Scenthound,https://dogtime.com/dog-breeds/hanoverian-scenthound
Harrier,https://dogtime.com/dog-breeds/harrier
Havanese,https://dogtime.com/dog-breeds/havanese
Hokkaido,https://dogtime.com/dog-breeds/hokkaido
Horgi,https://dogtime.com/dog-breeds/horgi
Huskita,https://dogtime.com/dog-breeds/huskita
Huskydoodle,https://dogtime.com/dog-breeds/huskydoodle
Ibizan Hound,https://dogtime.com/dog-breeds/ibizan-hound
Icelandic Sheepdog,https://dogtime.com/dog-breeds/icelandic-sheepdog
Irish Red And White Setter,https://dogtime.com/dog-breeds/irish-red-and-white-setter
Irish Setter,https://dogtime.com/dog-breeds/irish-setter
Irish Terrier,https://dogtime.com/dog-breeds/irish-terrier
Irish Water Spaniel,https://dogtime.com/dog-breeds/irish-water-spaniel
Irish Wolfhound,https://dogtime.com/dog-breeds/irish-wolfhound
Italian Greyhound,https://dogtime.com/dog-breeds/italian-greyhound
Jack-A-Poo,https://dogtime.com/dog-breeds/jack-a-poo
Jack Chi,https://dogtime.com/dog-breeds/jack-chi
Jack Russell Terrier,https://dogtime.com/dog-breeds/jack-russell-terrier
Jackshund,https://dogtime.com/dog-breeds/jackshund
Japanese Chin,https://dogtime.com/dog-breeds/japanese-chin
Japanese Spitz,https://dogtime.com/dog-breeds/japanese-spitz
Korean Jindo Dog,https://dogtime.com/dog-breeds/jindo
Kai Ken,https://dogtime.com/dog-breeds/kai-ken
Karelian Bear Dog,https://dogtime.com/dog-breeds/karelian-bear-dog
Keeshond,https://dogtime.com/dog-breeds/keeshond
Kerry Blue Terrier,https://dogtime.com/dog-breeds/kerry-blue-terrier
King Shepherd,https://dogtime.com/dog-breeds/king-shepherd
Kishu Ken,https://dogtime.com/dog-breeds/kishu-ken
Komondor,https://dogtime.com/dog-breeds/komondor
Kooikerhondje,https://dogtime.com/dog-breeds/kooikerhondje
Kuvasz,https://dogtime.com/dog-breeds/kuvasz
Kyi-Leo,https://dogtime.com/dog-breeds/kyi-leo
Lab Pointer,https://dogtime.com/dog-breeds/lab-pointer
Labernese,https://dogtime.com/dog-breeds/labernese
Labmaraner,https://dogtime.com/dog-breeds/labmaraner
Labrabull,https://dogtime.com/dog-breeds/labrabull
Labradane,https://dogtime.com/dog-breeds/labradane
Labradoodle,https://dogtime.com/dog-breeds/labradoodle
Labrador Retriever,https://dogtime.com/dog-breeds/labrador-retriever
Labrastaff,https://dogtime.com/dog-breeds/labrastaff
Labsky,https://dogtime.com/dog-breeds/labsky
Lagotto Romagnolo,https://dogtime.com/dog-breeds/lagotto-romagnolo
Lakeland Terrier,https://dogtime.com/dog-breeds/lakeland-terrier
Lancashire Heeler,https://dogtime.com/dog-breeds/lancashire-heeler
Leonberger,https://dogtime.com/dog-breeds/leonberger
Lhasa Apso,https://dogtime.com/dog-breeds/lhasa-apso
Lhasapoo,https://dogtime.com/dog-breeds/lhasapoo
Lowchen,https://dogtime.com/dog-breeds/lowchen
Maltese,https://dogtime.com/dog-breeds/maltese
Maltese Shih Tzu,https://dogtime.com/dog-breeds/maltese-shih-tzu
Maltipoo,https://dogtime.com/dog-breeds/maltipoo
Manchester Terrier,https://dogtime.com/dog-breeds/manchester-terrier
Mastador,https://dogtime.com/dog-breeds/mastador
Mastiff,https://dogtime.com/dog-breeds/mastiff
Miniature Pinscher,https://dogtime.com/dog-breeds/miniature-pinscher
Miniature Schnauzer,https://dogtime.com/dog-breeds/miniature-schnauzer
Morkie,https://dogtime.com/dog-breeds/morkie
Mudi,https://dogtime.com/dog-breeds/mudi
Mutt (Mixed),https://dogtime.com/dog-breeds/mutt
Neapolitan Mastiff,https://dogtime.com/dog-breeds/neapolitan-mastiff
Newfoundland,https://dogtime.com/dog-breeds/newfoundland
Norfolk Terrier,https://dogtime.com/dog-breeds/norfolk-terrier
Northern Inuit Dog,https://dogtime.com/dog-breeds/northern-inuit-dog
Norwegian Buhund,https://dogtime.com/dog-breeds/norwegian-buhund
Norwegian Elkhound,https://dogtime.com/dog-breeds/norwegian-elkhound
Norwegian Lundehund,https://dogtime.com/dog-breeds/norwegian-lundehund
Norwich Terrier,https://dogtime.com/dog-breeds/norwich-terrier
Nova Scotia Duck Tolling Retriever,https://dogtime.com/dog-breeds/nova-scotia-duck-tolling-retriever
Old English Sheepdog,https://dogtime.com/dog-breeds/old-english-sheepdog
Otterhound,https://dogtime.com/dog-breeds/otterhound
Papillon,https://dogtime.com/dog-breeds/papillon
Papipoo,https://dogtime.com/dog-breeds/papipoo
Peekapoo,https://dogtime.com/dog-breeds/peekapoo
Pekingese,https://dogtime.com/dog-breeds/pekingese
Pembroke Welsh Corgi,https://dogtime.com/dog-breeds/pembroke-welsh-corgi
Petit Basset Griffon Vendéen,https://dogtime.com/dog-breeds/petit-basset-griffon-vendeen
Pharaoh Hound,https://dogtime.com/dog-breeds/pharaoh-hound
Pitsky,https://dogtime.com/dog-breeds/pitsky
Plott,https://dogtime.com/dog-breeds/plott
Pocket Beagle,https://dogtime.com/dog-breeds/pocket-beagle
Pointer,https://dogtime.com/dog-breeds/pointer
Polish Lowland Sheepdog,https://dogtime.com/dog-breeds/polish-lowland-sheepdog
Pomapoo,https://dogtime.com/dog-breeds/pomapoo
Pomchi,https://dogtime.com/dog-breeds/pomchi
Pomeagle,https://dogtime.com/dog-breeds/pomeagle
Pomeranian,https://dogtime.com/dog-breeds/pomeranian
Pomsky,https://dogtime.com/dog-breeds/pomsky
Poochon,https://dogtime.com/dog-breeds/poochon
Poodle,https://dogtime.com/dog-breeds/poodle
Portuguese Podengo Pequeno,https://dogtime.com/dog-breeds/portuguese-podengo-pequeno
Portuguese Sheepdog,https://dogtime.com/dog-breeds/portuguese-sheepdog
Portuguese Water Dog,https://dogtime.com/dog-breeds/portuguese-water-dog
Pug,https://dogtime.com/dog-breeds/pug
Pugalier,https://dogtime.com/dog-breeds/pugalier
Puggle,https://dogtime.com/dog-breeds/puggle
Puginese,https://dogtime.com/dog-breeds/puginese
Puli,https://dogtime.com/dog-breeds/puli
Pyredoodle,https://dogtime.com/dog-breeds/pyredoodle
Pyrenean Mastiff,https://dogtime.com/dog-breeds/pyrenean-mastiff
Pyrenean Shepherd,https://dogtime.com/dog-breeds/pyrenean-shepherd
Rat Terrier,https://dogtime.com/dog-breeds/rat-terrier
Redbone Coonhound,https://dogtime.com/dog-breeds/redbone-coonhound
Rhodesian Ridgeback,https://dogtime.com/dog-breeds/rhodesian-ridgeback
Rottador,https://dogtime.com/dog-breeds/rottador
Rottle,https://dogtime.com/dog-breeds/rottle
Rottweiler,https://dogtime.com/dog-breeds/rottweiler
Saint Berdoodle,https://dogtime.com/dog-breeds/saint-berdoodle
Saint Bernard,https://dogtime.com/dog-breeds/saint-bernard
Saluki,https://dogtime.com/dog-breeds/saluki
Samoyed,https://dogtime.com/dog-breeds/samoyed
Samusky,https://dogtime.com/dog-breeds/samusky
Schipperke,https://dogtime.com/dog-breeds/schipperke
Schnoodle,https://dogtime.com/dog-breeds/schnoodle
Scottish Deerhound,https://dogtime.com/dog-breeds/scottish-deerhound
Scottish Terrier,https://dogtime.com/dog-breeds/scottish-terrier
Sealyham Terrier,https://dogtime.com/dog-breeds/sealyham-terrier
Sheepadoodle,https://dogtime.com/dog-breeds/sheepadoodle
Shepsky,https://dogtime.com/dog-breeds/shepsky
Shetland Sheepdog,https://dogtime.com/dog-breeds/shetland-sheepdog
Shiba Inu,https://dogtime.com/dog-breeds/shiba-inu
Shichon,https://dogtime.com/dog-breeds/shichon
Shih-Poo,https://dogtime.com/dog-breeds/shih-poo
Shih Tzu,https://dogtime.com/dog-breeds/shih-tzu
Shiloh Shepherd,https://dogtime.com/dog-breeds/shiloh-shepherd
Shiranian,https://dogtime.com/dog-breeds/shiranian
Shollie,https://dogtime.com/dog-breeds/shollie
Shorkie,https://dogtime.com/dog-breeds/shorkie
Siberian Husky,https://dogtime.com/dog-breeds/siberian-husky
Silken Windhound,https://dogtime.com/dog-breeds/silken-windhound
Silky Terrier,https://dogtime.com/dog-breeds/silky-terrier
Skye Terrier,https://dogtime.com/dog-breeds/skye-terrier
Sloughi,https://dogtime.com/dog-breeds/sloughi
Small Munsterlander Pointer,https://dogtime.com/dog-breeds/small-munsterlander-pointer
Soft Coated Wheaten Terrier,https://dogtime.com/dog-breeds/soft-coated-wheaten-terrier
Spanish Mastiff,https://dogtime.com/dog-breeds/spanish-mastiff
Spinone Italiano,https://dogtime.com/dog-breeds/spinone-italiano
Springador,https://dogtime.com/dog-breeds/springador
Stabyhoun,https://dogtime.com/dog-breeds/stabyhoun
Staffordshire Bull Terrier,https://dogtime.com/dog-breeds/staffordshire-bull-terrier
Standard Schnauzer,https://dogtime.com/dog-breeds/standard-schnauzer
Sussex Spaniel,https://dogtime.com/dog-breeds/sussex-spaniel
Swedish Vallhund,https://dogtime.com/dog-breeds/swedish-vallhund
Taiwan Dog,https://dogtime.com/dog-breeds/taiwan-dog
Terripoo,https://dogtime.com/dog-breeds/terripoo
Texas Heeler,https://dogtime.com/dog-breeds/texas-heeler
Tibetan Mastiff,https://dogtime.com/dog-breeds/tibetan-mastiff
Tibetan Spaniel,https://dogtime.com/dog-breeds/tibetan-spaniel
Tibetan Terrier,https://dogtime.com/dog-breeds/tibetan-terrier
Toy Fox Terrier,https://dogtime.com/dog-breeds/toy-fox-terrier
Transylvanian Hound,https://dogtime.com/dog-breeds/transylvanian-hound
Treeing Tennessee Brindle,https://dogtime.com/dog-breeds/treeing-tennessee-brindle
Treeing Walker Coonhound,https://dogtime.com/dog-breeds/treeing-walker-coonhound
Valley Bulldog,https://dogtime.com/dog-breeds/valley-bulldog
Vizsla,https://dogtime.com/dog-breeds/vizsla
Weimaraner,https://dogtime.com/dog-breeds/weimaraner
Welsh Springer Spaniel,https://dogtime.com/dog-breeds/welsh-springer-spaniel
Welsh Terrier,https://dogtime.com/dog-breeds/welsh-terrier
West Highland White Terrier,https://dogtime.com/dog-breeds/west-highland-white-terrier
Westiepoo,https://dogtime.com/dog-breeds/westiepoo
Whippet,https://dogtime.com/dog-breeds/whippet
Whoodle,https://dogtime.com/dog-breeds/whoodle
Wirehaired Pointing Griffon,https://dogtime.com/dog-breeds/wirehaired-pointing-griffon
Xoloitzcuintli,https://dogtime.com/dog-breeds/xoloitzuintli
Yorkipoo,https://dogtime.com/dog-breeds/yorkipoo
Yorkshire Terrier,https://dogtime.com/dog-breeds/yorkshire-terrier
